id,file_name,name,date_detected,time_detected
1801211912,unknown-face_18-01-21_19-12,unknown-face,18-01-21,19-12
1801211912,unknown-face_18-01-21_19-12,unknown-face,18-01-21,19-12
1801211912,unknown-face_18-01-21_19-12,unknown-face,18-01-21,19-12
1801211912,unknown-face_18-01-21_19-12,unknown-face,18-01-21,19-12
1801211912,unknown-face_18-01-21_19-12,unknown-face,18-01-21,19-12
1801211912,unknown-face_18-01-21_19-12,unknown-face,18-01-21,19-12
1801211912,unknown-face_18-01-21_19-12,unknown-face,18-01-21,19-12
1801211912,unknown-face_18-01-21_19-12,unknown-face,18-01-21,19-12
1801211912,unknown-face_18-01-21_19-12,unknown-face,18-01-21,19-12
1801211912,unknown-face_18-01-21_19-12,unknown-face,18-01-21,19-12
1801211912,unknown-face_18-01-21_19-12,unknown-face,18-01-21,19-12
1801211912,unknown-face_18-01-21_19-12,unknown-face,18-01-21,19-12
1801211912,unknown-face_18-01-21_19-12,unknown-face,18-01-21,19-12
1801211912,unknown-face_18-01-21_19-12,unknown-face,18-01-21,19-12
1801211912,unknown-face_18-01-21_19-12,unknown-face,18-01-21,19-12
1801211912,unknown-face_18-01-21_19-12,unknown-face,18-01-21,19-12
1801211912,unknown-face_18-01-21_19-12,unknown-face,18-01-21,19-12
1801211912,unknown-face_18-01-21_19-12,unknown-face,18-01-21,19-12
1801211912,unknown-face_18-01-21_19-12,unknown-face,18-01-21,19-12
1801211912,unknown-face_18-01-21_19-12,unknown-face,18-01-21,19-12
1801211912,unknown-face_18-01-21_19-12,unknown-face,18-01-21,19-12
1801211912,unknown-face_18-01-21_19-12,unknown-face,18-01-21,19-12
1801211912,unknown-face_18-01-21_19-12,unknown-face,18-01-21,19-12
1801211912,unknown-face_18-01-21_19-12,unknown-face,18-01-21,19-12
1801211912,unknown-face_18-01-21_19-12,unknown-face,18-01-21,19-12
1801211912,unknown-face_18-01-21_19-12,unknown-face,18-01-21,19-12
1801211912,unknown-face_18-01-21_19-12,unknown-face,18-01-21,19-12
1801211912,unknown-face_18-01-21_19-12,unknown-face,18-01-21,19-12
1801211912,unknown-face_18-01-21_19-12,unknown-face,18-01-21,19-12
1801211912,unknown-face_18-01-21_19-12,unknown-face,18-01-21,19-12
1801211912,unknown-face_18-01-21_19-12,unknown-face,18-01-21,19-12
1801211912,unknown-face_18-01-21_19-12,unknown-face,18-01-21,19-12
1801211912,unknown-face_18-01-21_19-12,unknown-face,18-01-21,19-12
1801211912,unknown-face_18-01-21_19-12,unknown-face,18-01-21,19-12
1801211912,unknown-face_18-01-21_19-12,unknown-face,18-01-21,19-12
1801211912,unknown-face_18-01-21_19-12,unknown-face,18-01-21,19-12